soil_ph,soil_moisture,temp_c,rainfall_mm,nitrogen,phosphorus,potassium,organic_matter,previous_urea,crop_type
5.99816047538945,11.479652509351688,14.15969893075671,134.5405988417796,45.75967026268742,19.681776013872103,276.88993392723773,0.790995910466656,86.43215087368748,0
8.302857225639665,23.966533158242534,13.644257967519994,159.33627943827446,64.4345863439989,23.67178296875107,110.33522673680818,1.90079396173347,82.47396052957532,1
7.42797576724562,35.553104255674285,36.71891031823628,50.09357975849979,60.81287438321272,42.72736966010902,355.33809717418524,6.734343538174569,11.490503839602919,2
6.894633936788146,30.62787102433464,13.734116994732714,124.97481992139979,12.311992375501895,17.00021930299461,264.5906836742345,6.250762672537518,110.708688588696,3
5.124074561769746,33.22964017515074,14.518240414502085,114.34919662874974,11.939957579317912,43.482484240608564,105.02135924493399,3.1298201859286015,68.21666425881835,0
